{
	"format_version": "1.8.0",
	"animations": {
		"animation.amiya.move": {
			"loop": true,
			"animation_length": 1,
			"bones": {
				"all": {
					"position": {
						"0.0": [0, -1, 0],
						"0.25": [0, 0, 0],
						"0.5": [0, -1, 0],
						"0.75": [0, 0, 0],
						"1.0": [0, -1, 0]
					}
				},
				"leftt": {
					"rotation": {
						"0.0": [-14.87739, -1.93597, -7.24721],
						"0.25": [-2.5, 0, 0],
						"0.4583": [2.45744, 0.65182, -7.47178],
						"0.75": [-2.5, 0, 0],
						"1.0": [-14.94548, -1.29256, -4.83045]
					}
				},
				"bt": {
					"rotation": {
						"0.0": [7.5, 0, 0],
						"0.25": [-2.5, 0, 0],
						"0.5": [12.5, 0, 0],
						"0.75": [0, 0, 0],
						"1.0": [7.5, 0, 0]
					}
				},
				"rightt": {
					"rotation": {
						"0.0": [2.46207, -0.43399, 9.99067],
						"0.2083": [0, 0, 0],
						"0.5": [-19.5623, 4.2453, 11.76782],
						"0.7083": [-2.5, 0, 0],
						"1.0": [2.47864, -0.32621, 7.49294]
					}
				},
				"rightleg": {
					"rotation": {
						"0.0": [12.47983, 0.75135, -2.38452],
						"0.25": [0, 0, -2.5],
						"0.5": [-42.47743, -1.52175, -1.98369],
						"0.75": [-2.50712, 0.10881, -2.49764],
						"1.0": [12.47983, 0.75135, -2.38452]
					}
				},
				"rightlegdown": {
					"rotation": {
						"0.0": [30, 0, 0],
						"0.2083": [55, 0, 0],
						"0.375": [55, 0, 0],
						"0.5": [20, 0, 0],
						"0.75": [0, 0, 0],
						"1.0": [30, 0, 0]
					}
				},
				"leftleg": {
					"rotation": {
						"0.0": [-29.98216, 1.43361, 2.04825],
						"0.25": [0, 0, 2.5],
						"0.5": [17.4792, -0.54094, 2.44087],
						"0.75": [0, 0, 2.5],
						"1.0": [-29.98216, 1.43361, 2.04825]
					}
				},
				"leftlegdown": {
					"rotation": {
						"0.0": [7.5, 0, 0],
						"0.25": [-2.5, 0, 0],
						"0.5": [32.5, 0, 0],
						"0.6667": [75, 0, 0],
						"0.8333": [57.5, 0, 0],
						"1.0": [7.5, 0, 0]
					}
				},
				"leftarm": {
					"rotation": {
						"0.0": [25, 0, 0],
						"0.25": [0, 0, 0],
						"0.5": [-22.5, 0, 0],
						"0.75": [0, 0, 0],
						"1.0": [25, 0, 0]
					}
				},
				"rightarm": {
					"rotation": {
						"0.0": [-27.5, 0, 0],
						"0.25": [0, 0, 0],
						"0.5": [28.33333, 0, 0],
						"1.0": [-27.5, 0, 0]
					}
				},
				"qq": {
					"rotation": {
						"0.0": [-17.5, 0, 0],
						"0.25": [2.5, 0, 0],
						"0.5": [-20, 0, 0],
						"0.75": [2.5, 0, 0],
						"1.0": [-17.5, 0, 0]
					}
				},
				"hq": {
					"rotation": {
						"0.0": [5, 0, 0],
						"0.25": [5, 0, 0],
						"0.5": [10, 0, 0],
						"0.75": [10, 0, 0],
						"1.0": [5, 0, 0]
					}
				},
				"leftq": {
					"rotation": {
						"0.0": [-5, 0, 0],
						"0.25": [0, 0, -2.5],
						"0.5": [-4.92358, -0.64595, -0.55738],
						"0.75": [0.10453, -0.642, -3.05753],
						"1.0": [-5, 0, 0]
					}
				},
				"rightq": {
					"rotation": {
						"0.0": [-2.5, 0, 0],
						"0.25": [0, 0, 2.5],
						"0.5": [-5, 0, 0],
						"0.75": [2.49762, -0.10901, 2.49762],
						"1.0": [-2.5, 0, 0]
					}
				},
				"bh": {
					"rotation": {
						"0.0": [2.5, 0, 0],
						"0.25": [0, 0, 0],
						"0.5": [7.5, 0, 0],
						"0.75": [5, 0, 0],
						"1.0": [2.5, 0, 0]
					}
				},
				"lefth": {
					"rotation": {
						"0.0": [-10, 0, 0],
						"0.25": [0, 0, 0],
						"0.5": [-7.5, 0, 0],
						"0.75": [-2.5, 0, 0],
						"1.0": [-10, 0, 0]
					}
				},
				"righth": {
					"rotation": {
						"0.0": [-12.5, 0, 0],
						"0.25": [0, 0, 0],
						"0.5": [-10, 0, 0],
						"0.75": [0, 0, 0],
						"1.0": [-12.5, 0, 0]
					}
				},
				"hb": {
					"rotation": {
						"0.0": [5, 0, 0],
						"0.25": [0, 0, 0],
						"0.5": [7.5, 0, 0],
						"0.75": [2.5, 0, 0],
						"1.0": [5, 0, 0]
					}
				},
				"rightp": {
					"rotation": {
						"0.0": [2.5, 0, 0],
						"0.25": [0, 0, 0],
						"0.5": [-5, 0, 0],
						"0.75": [0, 0, 0],
						"1.0": [2.5, 0, 0]
					}
				},
				"leftp": {
					"rotation": {
						"0.0": [-2.32144, -0.9281, 0.0188],
						"0.25": [0.17856, -0.9281, 0.0188],
						"0.5": [0.18, -0.93, 0.02],
						"0.75": [0.18, -0.93, 0.02],
						"1.0": [-2.32144, -0.9281, 0.0188]
					}
				},
				"bp": {
					"rotation": {
						"0.0": [2.5, 0, 0],
						"0.25": [0, 0, 0],
						"0.5": [3.0423, 0.80974, 0.86131],
						"0.75": [0.27115, 0.40487, 0.43065],
						"1.0": [2.5, 0, 0]
					}
				},
				"rightqp": {
					"rotation": {
						"0.0": [0, 0, 0],
						"0.2917": [2.5, 0, 0],
						"0.5": [-5, 0, 0],
						"0.75": [2.5, 0, 0],
						"1.0": [0, 0, 0]
					}
				},
				"leftqp": {
					"rotation": {
						"0.0": [-5, 0, 0],
						"0.25": [0, 0, 0],
						"0.5": [0, 0, 0],
						"0.75": [0.75774, 0.45075, -1.74226],
						"1.0": [-5, 0, 0]
					}
				},
				"h": {
					"position": {
						"0.0": [0, 0, 0],
						"0.25": [0, -1, 0],
						"0.5": [0, 0, 0],
						"0.75": [0, -1, 0],
						"1.0": [0, 0, 0]
					}
				}
			}
		},
		"animation.amiya.idle": {
			"loop": true,
			"animation_length": 5,
			"bones": {
				"h_q": {
					"rotation": {
						"0.0": [0, 0, 0],
						"2.0": [0.00238, -0.10901, -2.49762],
						"4.0": [0.00238, 0.10901, 2.49762],
						"5.0": [0, 0, 0]
					}
				},
				"Lefteyelid": {
					"position": {
						"0.0": [0, 0, 0],
						"0.125": [0, -2, 0],
						"0.25": [0, 0, 0]
					}
				},
				"Righteyelid": {
					"rotation": [0, 0, 0],
					"position": {
						"0.0": [0, 0, 0],
						"0.125": [0, -2, 0],
						"0.25": [0, 0, 0]
					}
				},
				"leftarm": {
					"rotation": {
						"0.0": [0, 0, 0],
						"2.0": [0, 0, -2.5],
						"4.9583": [0, 0, 0]
					}
				},
				"rightarm": {
					"rotation": {
						"0.0": [0, 0, 0],
						"2.0": [0, 0, 2.5],
						"5.0": [0, 0, 0]
					}
				},
				"righth": {
					"rotation": {
						"0.0": [0, 0, 0],
						"2.6667": [0, 0, 7.5],
						"5.0": [0, 0, 0]
					}
				},
				"bh": {
					"rotation": {
						"0.0": [0, 0, 0],
						"3.5": [0, 0, 2.5],
						"5.0": [0, 0, 0]
					}
				},
				"lefth": {
					"rotation": {
						"0.0": [0, 0, 0],
						"2.6667": [0, 0, -5],
						"5.0": [0, 0, 0]
					}
				},
				"lefthh": {
					"rotation": {
						"0.0": [0, 0, 0],
						"3.0": [0, 0, -2.5],
						"5.0": [0, 0, 0]
					}
				},
				"righthh": {
					"rotation": {
						"0.0": [0, 0, 0],
						"2.0": [0, 0, 2.5],
						"5.0": [0, 0, 0]
					}
				},
				"hb": {
					"rotation": {
						"0.0": [0, 0, 0],
						"2.5": [5, 0, 0],
						"5.0": [0, 0, 0]
					}
				},
				"leftear": {
					"rotation": {
						"0.0": [0, 0, 0],
						"1.5": [0, 0, 5],
						"5.0": [0, 0, 0]
					}
				},
				"rightear": {
					"rotation": {
						"0.0": [0, 0, 0],
						"2.0": [0, 0, -2.5],
						"5.0": [0, 0, 0]
					}
				},
				"h": {
					"rotation": [0, 0, 0],
					"position": {
						"0.0": [0, 0, 0],
						"1.3333": [0, 1, 0],
						"2.8333": [0, 0, 0],
						"3.8333": [0, -1, 0],
						"5.0": [0, 0, 0]
					}
				}
			}
		},
		"animation.amiya.attack": {
			"loop": true,
			"animation_length": 1.5,
			"bones": {
				"body": {
					"rotation": {
						"0.0": [0, 0, 0],
						"0.25": [0, 17.5, 0],
						"0.5": [0, 20, 0],
						"0.6667": [0, 30, 0],
						"0.8333": [0, 32.5, 0],
						"1.0": [0, 15, 0],
						"1.25": [0, 0, 0]
					}
				},
				"head": {
					"rotation": {
						"0.0": [0, 0, 0],
						"0.5": [0, -10, 0],
						"0.75": [0, -26.67, 0],
						"0.8333": [0, -26.39, 0],
						"0.875": [0, -22.5, 0],
						"1.25": [0, 0, 0]
					}
				},
				"rightarm": {
					"rotation": {
						"0.0": [0, 0, 0],
						"0.5": [16.93839, -4.46375, 14.33501],
						"0.75": [14.89149, -9.29798, 31.28223],
						"1.0": [-22.60851, -9.29798, 31.28223],
						"1.25": [0, 0, 0]
					}
				},
				"leftarm": {
					"rotation": {
						"0.0": [0, 0, 0],
						"0.25": [-52.5, 0, 0],
						"0.5": [-54.24193, 56.77797, -7.21635],
						"0.6667": [-103.52665, 69.52718, -32.02095],
						"0.8333": [-110.58281, 74.77316, -31.73391],
						"1.0": [-74.63797, -4.77265, -20.64716],
						"1.25": [-72.02961, -31.16526, -28.86614],
						"1.5": [0, 0, 0]
					}
				},