{
	"format_version": "1.8.0",
	"animations": {
		"animation.cocktail_thrower.move": {
			"loop": true,
			"animation_length": 1,
			"bones": {
				"all": {
					"position": [0, 1, 0]
				},
				"rightarm": {
					"rotation": {
						"0.0": [0, 0, 0],
						"0.25": [-30, 0, 0],
						"0.5": [0, 0, 0],
						"0.75": [40, 0, 0],
						"1.0": [0, 0, 0]
					}
				},
				"leftarm": {
					"rotation": {
						"0.0": [0, 0, 0],
						"0.25": [35, 0, 0],
						"0.5": [0, 0, 0],
						"0.75": [-37.5, 0, 0],
						"1.0": [0, 0, 0]
					}
				},
				"rightleg": {
					"rotation": {
						"0.0": [0, 0, 0],
						"0.25": [20, 0, 0],
						"0.5": [0, 0, 0],
						"0.75": [-20, 0, 0],
						"1.0": [0, 0, 0]
					}
				},
				"leftleg": {
					"rotation": {
						"0.0": [0, 0, 0],
						"0.25": [-20, 0, 0],
						"0.5": [0, 0, 0],
						"0.75": [20, 0, 0],
						"1.0": [0, 0, 0]
					}
				}
			}
		},
		"animation.cocktail_thrower.attack": {
			"loop": "hold_on_last_frame",
			"animation_length": 1.25,
			"bones": {
				"rightarm": {
					"rotation": {
						"0.0": [0, 0, 0],
						"0.25": [0, 0, 0],
						"0.5": [-38.25563, -12.70001, -15.57939],
						"0.5417": [-38.26, -12.7, -15.58],
						"0.75": [0, 0, 0]
					}
				},
				"leftarm": {
					"rotation": {
						"0.0": [0, 0, 0],
						"0.25": [0, 0, 0],
						"0.4583": [0, 35, 0],
						"0.6667": [0, 35, 0],
						"0.75": [0, 20, 0],
						"0.9167": [-190, 0, 0],
						"1.0": [-110, 0, 0],
						"1.0833": [-110, 0, 0],
						"1.25": [0, 0, 0]
					}
				},
				"leftarmdown": {
					"rotation": {
						"0.0": [0, 0, 0],
						"0.25": [-37.5, 0, 0],
						"0.8333": [-37.5, 0, 0],
						"1.0": [0, 0, 0]
					}
				},
				"weapon": {
					"scale": {
						"0.0": [1, 1, 1],
						"0.9583": [1, 1, 1],
						"1.0": [1, 0, 1]
					}
				},
				"rightarmdown": {
					"rotation": {
						"0.0": [0, 0, 0],
						"0.25": [0, 0, 0],
						"0.4583": [0, 0, -45],
						"0.5": [-20, 0, -45],
						"0.5417": [25, 0, -45],
						"0.75": [0, 0, 0]
					}
				}
			}
		},
		"animation.cocktail_thrower.idle": {
			"loop": true,
			"animation_length": 8,
			"bones": {
				"rightarm": {
					"rotation": {
						"6.56": [0, 0, 0],
						"7.36": [-45, 0, 0],
						"7.48": [-45, 0, 0],
						"8.0": [0, 0, 0]
					},
					"position": {
						"0.0": [0, 0, 0],
						"1.52": [0, 0.15, 0],
						"3.0": [0, 0, 0],
						"4.52": [0, -0.15, 0],
						"6.0": [0, 0, 0]
					}
				},
				"leftarm": {
					"position": {
						"0.0": [0, 0, 0],
						"1.52": [0, 0.15, 0],
						"3.0": [0, 0, 0],
						"4.52": [0, -0.15, 0],
						"6.0": [0, 0, 0]
					}
				},
				"weapon2": {
					"rotation": {
						"0.0": [0, 0, 0],
						"6.32": [0, 0, 0],
						"6.56": [-57.5, 0, 0],
						"6.84": [-125, 0, 0],
						"6.96": [-177.5, 0, 0],
						"7.08": [-245, 0, 0],
						"7.2": [-302.5, 0, 0],
						"7.28": [-377.5, 0, 0],
						"7.44": [0, 0, 0]
					},
					"position": {
						"0.0": [0, 0, 0],
						"6.32": [0, 0, 0],
						"6.56": [0, 7, -12],
						"6.84": [0, 8, -14],
						"6.96": [0, 8, -14],
						"7.08": [0, 5, -11],
						"7.2": [0, -1, -3],
						"7.28": [0, -1, -1],
						"7.44": [0, 0, 0]
					}
				},
				"rightarmdown": {
					"rotation": {
						"0.0": [0, 0, 0],
						"6.0": [0, 0, 0],
						"6.28": [-57.5, 0, 0],
						"6.56": [-57.5, 0, 0],
						"7.36": [-15, 0, 0],
						"7.44": [-57.5, 0, 0],
						"8.0": [0, 0, 0]
					}
				}
			}
		}
	},
	"geckolib_format_version": 2
}