{
	"format_version": "1.8.0",
	"animations": {
		"animation.dual_sword.attack": {
			"animation_length": 1,
			"bones": {
				"d2": {
					"rotation": {
						"0.0": [0, 0, 0],
						"0.4": [164.63442, 13.72477, 32.3019],
						"1.0": [0, 0, 0]
					},
					"position": {
						"0.0": [0, 0, 0],
						"0.4": [5, 0, 9],
						"1.0": [0, 0, 0]
					},
					"scale": {
						"0.0": [1, 1, 1],
						"0.4": [1, 1, 1],
						"1.0": [1, 1, 1]
					}
				},
				"d": {
					"rotation": {
						"0.2": [0, 0, 0],
						"0.6": [-39.63363, 0.40319, 16.01925],
						"1.0": [0, 0, 0]
					},
					"position": {
						"0.2": [0, 0, 0],
						"0.6": [-5, 0, 0],
						"1.0": [0, 0, 0]
					},
					"scale": {
						"0.2": [1, 1, 1],
						"0.6": [1, 1, 1],
						"1.0": [1, 1, 1]
					}
				}
			}
		}
	}
}