{
	"format_version": "1.8.0",
	"animations": {
		"animation.dual_swordsman.move": {
			"loop": true,
			"animation_length": 1,
			"bones": {
				"all": {
					"position": [0, 1, 0]
				},
				"rightarm": {
					"rotation": {
						"0.0": [10, 0, 0],
						"0.25": [20, 0, 0],
						"0.5": [10, 0, 0],
						"0.75": [20, 0, 0],
						"1.0": [10, 0, 0]
					}
				},
				"leftarm": {
					"rotation": {
						"0.0": [10, 0, 0],
						"0.25": [0, 0, 0],
						"0.5": [10, 0, 0],
						"0.75": [0, 0, 0],
						"1.0": [10, 0, 0]
					}
				},
				"rightleg": {
					"rotation": {
						"0.0": [-10, 0, -10],
						"0.2083": [25, 0, -10],
						"0.5": [-10, 0, -10],
						"0.75": [-47.5, 0, -10],
						"1.0": [-10, 0, -10]
					}
				},
				"rightlegdown": {
					"rotation": {
						"0.0": [-22.5, 0, 7.5],
						"0.2083": [0, 0, 7.5],
						"0.5": [-22.5, 0, 7.5],
						"0.75": [0, 0, 7.5],
						"1.0": [-22.5, 0, 7.5]
					}
				},
				"leftleg": {
					"rotation": {
						"0.0": [15, 0, 7.5],
						"0.25": [-20, 0, 7.5],
						"0.5": [15, 0, 7.5],
						"0.75": [50, 0, 7.5],
						"1.0": [15, 0, 7.5]
					}
				},
				"leftlegdown": {
					"rotation": {
						"0.0": [-15, 0, -5],
						"0.2083": [7.5, 0, -5],
						"0.5": [-15, 0, -5],
						"0.75": [7.5, 0, -5],
						"1.0": [-15, 0, -5]
					}
				},
				"upbody": {
					"rotation": [15, 0, 0]
				},
				"rightarmdown": {
					"rotation": [40, 0, 0]
				},
				"leftarmdown": {
					"rotation": [40, 0, 0]
				},
				"d": {
					"rotation": [-25, 0, 0]
				},
				"d2": {
					"rotation": [-15, 0, 0]
				}
			}
		},
		"animation.dual_swordsman.attack": {
			"loop": "hold_on_last_frame",
			"animation_length": 1,
			"bones": {
				"rightarm": {
					"rotation": {
						"0.0": [0, 0, 0],
						"0.2083": [35, 0, 0],
						"0.2917": [35, 0, 0],
						"0.375": [0, 0, 0],
						"0.4583": [-74.36002, -16.18081, 40.0006],
						"0.5417": [-121.86002, -16.18081, 40.0006],
						"0.6667": [0, 0, 0]
					}
				},
				"leftarm": {
					"rotation": {
						"0.0": [0, 0, 0],
						"0.2083": [-108.3448, -30.82594, -69.50193],
						"0.2917": [-126.38636, -15.58394, -25.96295],
						"0.4583": [20, 0, 0],
						"0.5833": [0, 0, 0]
					}
				},
				"leftarmdown": {
					"rotation": {
						"0.0": [0, 0, 0],
						"0.1667": [-37.5, 0, 0],
						"0.3333": [-37.5, 0, 0],
						"0.4583": [22.5, 0, 0],
						"0.5833": [0, 0, 0]
					}
				},
				"upbody": {
					"rotation": {
						"0.0": [0, 0, 0],
						"0.1667": [7.67995, 12.39135, 1.6575],
						"0.375": [7.5, 0, 0],
						"0.5": [17.56397, -7.43547, -0.98448],
						"0.6667": [17.56, -7.44, -0.98],
						"0.8333": [0, 0, 0]
					}
				}
			}
		},
		"animation.dual_swordsman.idle": {
			"loop": true,
			"animation_length": 6,
			"bones": {
				"rightarm": {
					"position": {
						"0.0": [0, 0, 0],
						"1.52": [0, 0.15, 0],
						"3.0": [0, 0, 0],
						"4.52": [0, -0.15, 0],
						"6.0": [0, 0, 0]
					}
				},
				"leftarm": {
					"position": {
						"0.0": [0, 0, 0],
						"1.52": [0, 0.15, 0],
						"3.0": [0, 0, 0],
						"4.52": [0, -0.15, 0],
						"6.0": [0, 0, 0]
					}
				}
			}
		}
	}
}