{
	"format_version": "1.8.0",
	"animations": {
		"animation.frog.idle": {
			"loop": true,
			"animation_length": 2,
			"bones": {
				"left_arm": {
					"rotation": {
						"0.0": [0, 0, 0],
						"1.0": [-2.5, 0, 0],
						"2.0": [0, 0, 0]
					},
					"position": {
						"0.0": [0, 0, 0],
						"1.0": [0, 0.1, 0],
						"2.0": [0, 0, 0]
					}
				},
				"left_leg": {
					"rotation": {
						"0.0": [0, 0, 0],
						"1.0": [-5, 0, 0],
						"2.0": [0, 0, 0]
					},
					"position": {
						"0.0": [0, 0, 0],
						"2.0": [0, 0, 0]
					}
				},
				"body": {
					"rotation": {
						"0.0": [0, 0, 0],
						"1.0": [5, 0, 0],
						"2.0": [0, 0, 0]
					},
					"position": {
						"0.0": [0, 0, 0],
						"2.0": [0, 0, 0]
					}
				},
				"right_leg": {
					"rotation": {
						"0.0": [0, 0, 0],
						"1.0": [-5, 0, 0],
						"2.0": [0, 0, 0]
					},
					"position": {
						"0.0": [0, 0, 0],
						"2.0": [0, 0, 0]
					}
				},
				"right_arm": {
					"rotation": {
						"0.0": [0, 0, 0],
						"1.0": [-2.5, 0, 0],
						"2.0": [0, 0, 0]
					},
					"position": {
						"0.0": [0, 0, 0],
						"1.0": [0, 0.1, 0],
						"2.0": [0, 0, 0]
					}
				}
			}
		},
		"animation.frog.move": {
			"animation_length": 1,
			"override_previous_animation": true,
			"bones": {
				"body": {
					"rotation": {
						"0.0": [0, 0, 0],
						"0.1667": [-32.5, 0, 0],
						"0.8333": [62.63672, 0, 0],
						"1.0": [0, 0, 0]
					},
					"position": {
						"0.0": [0, 0, 0],
						"0.2083": [0, 0, 0],
						"0.5417": [0, 0, 0],
						"0.8333": [0, 0, 0],
						"1.0": [0, 0, 0]
					}
				},
				"h_head": {
					"rotation": {
						"0.0": [0, 0, 0]
					},
					"position": {
						"0.0": [0, 0, 0]
					}
				},
				"left_leg": {
					"rotation": {
						"0.0": [0, 0, 0],
						"0.2083": [2.89263, -14.29934, 49.97465],
						"0.8333": [2.89263, -14.29934, 49.97465],
						"1.0": [0, 0, 0]
					},
					"position": {
						"0.0": [0, 0, 0],
						"1.0": [0, 0, 0]
					}
				},
				"right_leg": {
					"rotation": {
						"0.0": [0, 0, 0],
						"0.2083": [11.08014, 3.45375, -24.22123],
						"0.8333": [11.08014, 3.45375, -24.22123],
						"1.0": [0, 0, 0]
					},
					"position": {
						"0.0": [0, 0, 0],
						"1.0": [0, 0, 0]
					}
				},
				"left_arm": {
					"rotation": {
						"0.0": [0, 0, 0],
						"0.2083": [-84.93266, -14.79556, 35.40492],
						"0.8333": [-84.93266, -14.79556, 35.40492],
						"1.0": [0, 0, 0]
					},
					"position": {
						"0.0": [0, 0, 0],
						"1.0": [0, 0, 0]
					}
				},
				"right_arm": {
					"rotation": {
						"0.0": [0, 0, 0],
						"0.2083": [-89.77073, 23.40973, -31.47495],
						"0.8333": [-89.77073, 23.40973, -31.47495],
						"1.0": [0, 0, 0]
					},
					"position": {
						"0.0": [0, 0, 0],
						"1.0": [0, 0, 0]
					}
				}
			}
		},
		"animation.frog.death": {
			"animation_length": 2,
			"override_previous_animation": true,
			"bones": {
				"body": {
					"rotation": {
						"0.0": [0, 0, 0],
						"0.5": [-26.83393, 73.81271, 116.1326],
						"0.8333": [-26.83393, 73.81271, 116.1326],
						"1.0": [-26.83393, 73.81271, 116.1326],
						"2.0": [-26.83393, 73.81271, 116.1326]
					},
					"position": {
						"0.0": [0, 0, 0],
						"0.125": [1, 8, 1],
						"0.3333": [2, 8, 2],
						"0.5": [2, 0, 3],
						"0.6667": [2, 2, 3],
						"0.8333": [2, 0.5, 3],
						"1.0": [2, 0.5, 3],
						"2.0": [2, 0.5, 3]
					}
				},
				"h_head": {
					"rotation": {
						"0.0": [0, 0, 0],
						"0.125": [27.5, 0, 0],
						"0.5": [27.5, 0, 0],
						"0.6667": [-30, 0, 0],
						"0.8333": [27.5, 0, 0],
						"1.0": [-30, 0, 0],
						"2.0": [-30, 0, 0]
					},
					"position": {
						"0.0": [0, 0, 0]
					}
				},
				"left_leg": {
					"rotation": {
						"0.0": [0, 0, 0],
						"0.125": [-36.96054, -28.16235, 28.85558],
						"0.5": [-36.96054, -28.16235, 28.85558],
						"0.6667": [33.35498, -7.76, 38.39795],
						"0.8333": [-36.96054, -28.16235, 28.85558],
						"1.0": [33.35498, -7.76, 38.39795],
						"2.0": [33.35498, -7.76, 38.39795]
					},
					"position": {
						"0.0": [0, 0, 0]
					}
				},
				"right_leg": {
					"rotation": {
						"0.0": [0, 0, 0],
						"0.125": [-40, 0, 0],
						"0.5": [-40, 0, 0],
						"0.6667": [-5.19772, 3.73327, 48.05003],
						"0.8333": [-40, 0, 0],
						"1.0": [-5.19772, 3.73327, 48.05003],
						"2.0": [-5.19772, 3.73327, 48.05003]
					},
					"position": {
						"0.0": [0, 0, 0]
					}
				},
				"left_arm": {
					"rotation": {
						"0.0": [0, 0, 0],
						"0.125": [-27.5346, 2.09915, 21.23226],
						"0.5": [-27.5346, 2.09915, 21.23226],
						"0.6667": [-29.19526, -37.0798, -25.16788],
						"0.8333": [-27.5346, 2.09915, 21.23226],
						"1.0": [-29.19526, -37.0798, -25.16788],
						"2.0": [-29.19526, -37.0798, -25.16788]
					},
					"position": {
						"0.0": [0, 0, 0]
					}
				},
				"right_arm": {
					"rotation": {
						"0.0": [0, 0, 0],
						"0.125": [8.44751, -2.17452, -23.91717],
						"0.5": [8.44751, -2.17452, -23.91717],
						"0.6667": [-9.89018, 28.44986, 86.76938],
						"0.8333": [8.44751, -2.17452, -23.91717],
						"1.0": [-9.89018, 28.44986, 86.76938],
						"2.0": [-9.89018, 28.44986, 86.76938]
					},
					"position": {
						"0.0": [0, 0, 0]
					}
				}
			}
		},
		"animation.frog.scale": {
			"loop": true,
			"bones": {
				"body": {
					"position": [0.51, 0.4, 0],
					"scale": 1.3
				}
			}
		}
	},
	"geckolib_format_version": 2
}