{
	"format_version": "1.8.0",
	"animations": {
		"animation.healing_staff.skill": {
			"loop": true,
			"animation_length": 2,
			"bones": {
				"body": {
					"rotation": {
						"0.0": [0, 0, 0],
						"0.5417": [0, -5, 0],
						"1.25": [0, -20, 0],
						"1.625": [0, 0, 0]
					}
				},
				"rightarm": {
					"rotation": {
						"0.0": [0, 0, 0],
						"0.25": [-85, 0, 0],
						"0.5417": [-85, -42.5, -12.5],
						"1.25": [-85, 80, 12.5],
						"1.8333": [0, 0, 0]
					}
				},
				"rightarmdown": {
					"rotation": {
						"0.0": [0, 0, 0],
						"0.5417": [-17.5, 0, 0],
						"1.25": [5, 0, 0],
						"2.0": [0, 0, 0]
					}
				},
				"all": {
					"position": {
						"0.0": [0, 0, 0],
						"0.3333": [4, -4, -4],
						"1.5": [4, -4, -4],
						"1.8333": [0, 0, 0]
					}
				}
			}
		},
		"animation.healing_staff.attack": {
			"animation_length": 2,
			"bones": {
				"all": {
					"rotation": {
						"0.0": [0, 0, 0],
						"0.8": [-79.89961, -66.30732, -55.55451],
						"1.2": [-74.89961, -66.30732, -55.55451],
						"2.0": [0, 0, 0]
					},
					"position": {
						"0.0": [0, 0, 0],
						"0.8": [12, 16, -26],
						"1.0": [12, 16, -23],
						"1.2": [12, 16, -26],
						"2.0": [0, 0, 0]
					}
				}
			}
		}
	}
}