{
	"format_version": "1.8.0",
	"animations": {
		"animation.hedgehog.idle": {
			"loop": true,
			"animation_length": 3,
			"bones": {
				"body": {
					"rotation": {
						"0.0": [0, 0, 0],
						"0.7083": [1.31149, -0.05189, -2.49946],
						"1.5": [2.5, 0, 0],
						"2.375": [1.0527, 0.06581, 2.62577],
						"3.0": [0, 0, 0]
					},
					"position": {
						"0.0": [0, 0, 0],
						"1.5": [0, -0.2, 0],
						"3.0": [0, 0, 0]
					}
				},
				"h_head": {
					"rotation": {
						"0.0": [0, 0, 0],
						"0.9167": [-5, 0, 0],
						"2.25": [3.2, 0, 0],
						"3.0": [0, 0, 0]
					},
					"position": {
						"0.0": [0, 0, 0],
						"3.0": [0, 0, 0]
					}
				},
				"front_left_leg2": {
					"rotation": {
						"0.0": [0, 0, 0],
						"1.5": [-5, 0, 0],
						"3.0": [0, 0, 0]
					},
					"position": {
						"0.0": [0, 0, 0],
						"1.5": [0, 0.1, 0],
						"3.0": [0, 0, 0]
					}
				},
				"front_left_leg": {
					"rotation": {
						"0.0": [0, 0, 0],
						"3.0": [0, 0, 0]
					},
					"position": {
						"0.0": [0, 0, 0],
						"1.5": [0, 0.2, 0],
						"3.0": [0, 0, 0]
					}
				},
				"front_left_leg3": {
					"rotation": {
						"0.0": [0, 0, 0],
						"1.5": [-7.5, 0, 0],
						"3.0": [0, 0, 0]
					},
					"position": {
						"0.0": [0, 0, 0],
						"1.5": [0, 0.1, 0],
						"3.0": [0, 0, 0]
					}
				},
				"front_right_leg3": {
					"rotation": {
						"0.0": [0, 0, 0],
						"3.0": [0, 0, 0]
					},
					"position": {
						"0.0": [0, 0, 0],
						"1.5": [0, 0.2, 0],
						"3.0": [0, 0, 0]
					}
				}
			}
		},
		"animation.hedgehog.move": {
			"loop": true,
			"animation_length": 1,
			"bones": {
				"body": {
					"rotation": {
						"0.0": [0, 0, 0],
						"0.25": [5.73176, -0.14103, 2.49602],
						"0.5": [10, 0, 0],
						"0.75": [5.26452, 0.11183, -2.34109],
						"1.0": [0, 0, 0]
					},
					"position": {
						"0.0": [0, 0, 0],
						"1.0": [0, 0, 0]
					}
				},
				"h_head": {
					"rotation": {
						"0.0": [0, 0, 0],
						"0.5": [-10, 0, 0],
						"1.0": [0, 0, 0]
					}
				},
				"front_left_leg2": {
					"rotation": {
						"0.0": [22.32648, -2.86313, 6.93488],
						"0.5": [-17.67352, -2.86313, 6.93488],
						"1.0": [22.32648, -2.86313, 6.93488]
					},
					"position": {
						"vector": [-0.1, 0, 0]
					}
				},
				"front_left_leg": {
					"rotation": {
						"0.0": [-25, 0, 0],
						"0.5": [12.5, 0, 0],
						"1.0": [-25, 0, 0]
					},
					"position": {
						"0.0": [0, 0, 0],
						"0.5": [0, 0.2, 0],
						"1.0": [0, 0, 0]
					}
				},
				"front_left_leg3": {
					"rotation": {
						"0.0": [-27.5, 0, -7.5],
						"0.5": [32.5, 0, -7.5],
						"1.0": [-27.5, 0, -7.5]
					},
					"position": {
						"vector": [0.1, 0, 0]
					}
				},
				"front_right_leg3": {
					"rotation": {
						"0.0": [19.44093, 5.73576, -11.12501],
						"0.5": [-13.05907, 5.73576, -11.12501],
						"1.0": [19.44093, 5.73576, -11.12501]
					},
					"position": {
						"0.0": [0, 0, 0],
						"0.5": [0, 0.2, 0],
						"1.0": [0, 0, 0]
					}
				}
			}
		},
		"animation.hedgehog.death": {
			"animation_length": 2.5,
			"override_previous_animation": true,
			"bones": {
				"body": {
					"rotation": {
						"0.0": [0, 0, 0],
						"0.2083": [-73.2843, 14.56048, 3.64412],
						"0.4167": [-153.83765, 8.31087, -18.25612],
						"0.8333": [-192.01082, 3.84097, 14.51082],
						"1.6667": [-175, 0, 0],
						"2.5": [-175, 0, 0]
					},
					"position": {
						"0.0": [0, 0, 0],
						"0.125": [0, 5, 0],
						"0.2917": [0, 5, 0],
						"0.4167": [0, 0.3, 0],
						"0.625": [0, 1.32, 0.45],
						"0.8333": [0, 0.6, 0.9],
						"1.6667": [0, 0.35, 0.4],
						"2.5": [0, 0.35, 0.4]
					}
				},
				"h_head": {
					"rotation": {
						"0.0": [0, 0, 0],
						"0.2083": [40, 0, 0],
						"0.4167": [40, 0, 0],
						"0.625": [-30, 0, 0],
						"0.8333": [7.5, 0, 0],
						"1.6667": [-12.5, 0, 0],
						"2.5": [-12.5, 0, 0]
					}
				},
				"front_left_leg2": {
					"rotation": {
						"0.0": [0, 0, 0],
						"0.4167": [22.5, 0, -42.5],
						"1.0": [-42.5, 0, -42.5],
						"1.6667": [5, 0, -42.5],
						"2.5": [5, 0, -42.5]
					}
				},
				"front_left_leg": {
					"rotation": {
						"0.0": [0, 0, 0],
						"0.4167": [-2.41731, 5.52235, -47.25471],
						"1.0": [-54.91731, 5.52235, -47.25471],
						"1.6667": [-4.91731, 5.52235, -47.25471],
						"2.5": [-4.91731, 5.52235, -47.25471]
					}
				},
				"front_left_leg3": {
					"rotation": {
						"0.0": [0, 0, 0],
						"0.4167": [35, 0, 27.5],
						"1.0": [-17.5, 0, 27.5],
						"1.6667": [7.5, 0, 27.5],
						"2.5": [7.5, 0, 27.5]
					}
				},
				"front_right_leg3": {
					"rotation": {
						"0.0": [0, 0, 0],
						"0.4167": [-1.95599, -5.05904, 42.25489],
						"1.0": [-31.95599, -5.05904, 42.25489],
						"1.6667": [-4.45599, -5.05904, 42.25489],
						"2.5": [-4.45599, -5.05904, 42.25489]
					}
				}
			}
		},
		"animation.hedgehog.scale": {
			"loop": true,
			"bones": {
				"body": {
					"position": [0, 0.7, 0],
					"scale": 1.5
				}
			}
		}
	},
	"geckolib_format_version": 2
}