{
	"format_version": "1.8.0",
	"animations": {
		"animation.hydralisk.move": {
			"loop": true,
			"animation_length": 1.04167,
			"bones": {
				"zuoshou": {
					"rotation": {
						"0.0": [0, 0, 0],
						"0.25": [-40, 0, 0],
						"0.5": [0, 0, 0],
						"0.75": [40, 0, 0],
						"1.0": [0, 0, 0]
					}
				},
				"youshou": {
					"rotation": {
						"0.0": [0, 0, 0],
						"0.25": [40, 0, 0],
						"0.5": [0, 0, 0],
						"0.75": [-40, 0, 0],
						"1.0": [0, 0, 0]
					}
				},
				"yiba": {
					"rotation": [0, 0, 0]
				},
				"guanjie": {
					"rotation": [0, 0, 0]
				},
				"guanjie3": {
					"rotation": {
						"0.0": [0, 0, 0],
						"0.25": [0, -35, 0],
						"0.5": [0, 0, 0],
						"0.75": [0, 35, 0],
						"1.0417": [0, 0, 0]
					}
				},
				"guanjie4": {
					"rotation": [0, 0, 0]
				},
				"guanjie5": {
					"rotation": [0, 0, 0]
				}
			}
		},
		"animation.hydralisk.attack": {
			"loop": true,
			"animation_length": 0.70833,
			"bones": {
				"shangbanshen": {
					"rotation": {
						"0.0": [0, 0, 0],
						"0.25": [-35, 0, 0],
						"0.4167": [14.76525, -0.55252, 1.38731],
						"0.5833": [0, 0, 0]
					}
				},
				"hand": {
					"rotation": {
						"0.0": [0, 0, 0],
						"0.4167": [-17.5, 0, 0],
						"0.5833": [0, 0, 0]
					}
				},
				"zuoshou": {
					"rotation": {
						"0.0": [0, 0, 0],
						"0.25": [-35, 0, 0],
						"0.4167": [30, 0, 0],
						"0.5833": [0, 0, 0]
					}
				},
				"youshou": {
					"rotation": {
						"0.0": [0, 0, 0],
						"0.25": [-35, 0, 0],
						"0.4167": [30, 0, 0],
						"0.5833": [0, 0, 0]
					}
				},
				"bone3": {
					"rotation": {
						"0.0": [0, 0, 0],
						"0.25": [-16, 17, 5],
						"0.4167": [-16.20021, -19.12653, 15.23008],
						"0.5833": [0, 0, 0]
					}
				},
				"bone2": {
					"rotation": {
						"0.0": [0, 0, 0],
						"0.25": [-21.49294, -21.80062, 6.48263],
						"0.4167": [-20.46677, 13.37279, -6.77077],
						"0.5833": [0, 0, 0]
					}
				}
			}
		},
		"animation.hydralisk.idle": {
			"animation_length": 4.08,
			"bones": {
				"guanjie1": {
					"rotation": {
						"0.0": [0, 0, 0],
						"1.0": [-5, 0, 0],
						"2.0": [0, 0, 0],
						"3.0": [5, 0, 0],
						"4.0": [0, 0, 0]
					}
				},
				"guanjie2": {
					"rotation": {
						"0.0": [0, 0, 0],
						"1.0": [-5, 0, 0],
						"2.0": [0, 0, 0],
						"3.0": [5, 0, 0],
						"4.0": [0, 0, 0]
					}
				}
			}
		}
	},
	"geckolib_format_version": 2
}