{
	"format_version": "1.8.0",
	"animations": {
		"animation.owl.idle": {
			"loop": true,
			"animation_length": 4,
			"bones": {
				"h_body": {
					"rotation": {
						"0.0": [0, 0, 0],
						"2.0": [5, 0, 0],
						"4.0": [0, 0, 0]
					},
					"position": {
						"0.0": [0, -2, 0],
						"4.0": [0, -2, 0]
					}
				},
				"h_head": {
					"rotation": {
						"0.0": [0, 0, 0],
						"2.0": [-5, 0, 0],
						"4.0": [0, 0, 0]
					},
					"position": {
						"0.0": [0, 0, 0],
						"4.0": [0, 0, 0]
					}
				},
				"h_left_wing": {
					"rotation": {
						"0.0": [0, 0, -7.5],
						"1.5": [0, 0, -5],
						"2.5": [0, 0, -5],
						"4.0": [0, 0, -7.5]
					},
					"position": {
						"0.0": [0, 0, 0],
						"4.0": [0, 0, 0]
					}
				},
				"h_left_leg": {
					"rotation": {
						"0.0": [0, 0, 0],
						"2.0": [-7.5, 0, 0],
						"4.0": [0, 0, 0]
					},
					"position": {
						"0.0": [0, 2, 0],
						"4.0": [0, 2, 0]
					}
				},
				"h_right_wing": {
					"rotation": {
						"0.0": [0, 0, 7.5],
						"1.5": [0, 0, 7.5],
						"2.5": [0, 0, 7.5],
						"4.0": [0, 0, 7.5]
					},
					"position": {
						"0.0": [0, 0, 0],
						"4.0": [0, 0, 0]
					}
				},
				"h_right_leg": {
					"rotation": {
						"0.0": [0, 0, 0],
						"2.0": [-7.5, 0, 0],
						"4.0": [0, 0, 0]
					},
					"position": {
						"0.0": [0, 2, 0],
						"4.0": [0, 2, 0]
					}
				}
			}
		},
		"animation.owl.idle2": {
			"animation_length": 3,
			"bones": {
				"h_body": {
					"rotation": {
						"0.0": [0, 0, 0],
						"0.5": [0, 0, 0],
						"0.75": [-5, 0, 0],
						"1.0": [0, 0, 0],
						"1.25": [-5, 0, 0],
						"1.75": [9.6875, 0, 0],
						"2.25": [0, 0, 0],
						"3.0": [0, 0, 0]
					},
					"position": {
						"0.0": [0, -2, 0],
						"0.5": [0, 0, -1],
						"1.0": [0, 0, -1],
						"2.25": [0, 0, -1],
						"3.0": [0, -2, 0]
					}
				},
				"h_head": {
					"rotation": {
						"0.0": [0, 0, 0],
						"0.5": [4.98107, 0.43523, -4.98107],
						"0.75": [-2.5, 0, 0],
						"1.0": [4.98107, 0.43523, -4.98107],
						"1.25": [-2.5, 0, 0],
						"1.5": [4.99527, -0.21782, 2.4905],
						"1.75": [4.98107, 0.43523, -4.98107],
						"2.25": [4.99527, -0.21782, 2.4905],
						"2.5": [-7.5, 0, 0],
						"3.0": [0, 0, 0]
					},
					"position": {
						"0.0": [0, 0, 0],
						"2.25": [0, 0, 0],
						"3.0": [0, 0, 0]
					}
				},
				"h_left_wing": {
					"rotation": {
						"0.0": [0, 0, -7.5],
						"0.5": [0, 0, -67.5],
						"0.75": [0, 0, -22.5],
						"1.0": [0, 0, -80],
						"1.25": [0, 0, -22.5],
						"1.75": [4.83711, -5.73853, -47.74258],
						"2.25": [4.83711, -5.73853, -47.74258],
						"2.5": [7.59889, 13.57462, -85.62198],
						"3.0": [0, 0, -7.5]
					},
					"position": {
						"0.0": [0, 0, 0],
						"1.75": [0, 0, 0],
						"2.25": [0, 0, 0],
						"3.0": [0, 0, 0]
					}
				},
				"h_left_leg": {
					"rotation": {
						"0.0": [0, 0, 0],
						"0.5": [7.5, 0, 0],
						"0.75": [12.95918, 0, 0],
						"1.0": [7.5, 0, 0],
						"1.25": [12.95918, 0, 0],
						"1.75": [-1.46046, 0, 0],
						"2.25": [7.5, 0, 0],
						"3.0": [0, 0, 0]
					},
					"position": {
						"0.0": [0, 2, 0],
						"0.5": [0, 0, 0],
						"1.0": [0, 0, 0],
						"2.25": [0, 0, 0],
						"3.0": [0, 2, 0]
					}
				},
				"h_right_wing": {
					"rotation": {
						"0.0": [0, 0, 7.5],
						"0.5": [0, 0, 65],
						"0.75": [0, 0, 17.5],
						"1.0": [0, 0, 72.5],
						"1.25": [0, 0, 17.5],
						"1.75": [0, 20, 55],
						"2.25": [0, 20, 55],
						"2.5": [6.91019, -13.523, 72.25843],
						"3.0": [0, 0, 7.5]
					},
					"position": {
						"0.0": [0, 0, 0],
						"1.75": [0, 0, 0],
						"2.25": [0, 0, 0],
						"3.0": [0, 0, 0]
					}
				},
				"h_right_leg": {
					"rotation": {
						"0.0": [0, 0, 0],
						"0.5": [7.5, 0, 0],
						"0.75": [12.95918, 0, 0],
						"1.0": [7.5, 0, 0],
						"1.25": [12.95918, 0, 0],
						"1.75": [-1.46046, 0, 0],
						"2.25": [7.5, 0, 0],
						"3.0": [0, 0, 0]
					},
					"position": {
						"0.0": [0, 2, 0],
						"0.5": [0, 0, 0],
						"1.0": [0, 0, 0],
						"2.25": [0, 0, 0],
						"3.0": [0, 2, 0]
					}
				}
			}
		},
		"animation.owl.move": {
			"loop": true,
			"animation_length": 3,
			"override_previous_animation": true,
			"bones": {
				"h_body": {
					"rotation": {
						"0.0": [80, 0, 0],
						"0.5": [85.00933, -0.43399, -2.46207],
						"0.875": [77.51783, 0.56568, 3.21059],
						"1.5": [80, 0, 0],
						"3.0": [80, 0, 0]
					},
					"position": {
						"0.0": [0, -3, 0],
						"0.5": [0, -5, 0],
						"1.0": [0, -3, 0],
						"1.5": [0, -3, 0],
						"3.0": [0, -3, 0]
					}
				},
				"h_head": {
					"rotation": {
						"0.0": [-52.5, 0, 0],
						"0.5": [-57.5, 0, 0],
						"0.75": [-49.33594, 0, 0],
						"1.0833": [-49.33594, 0, 0],
						"1.5": [-52.5, 0, 0],
						"3.0": [-52.5, 0, 0]
					},
					"position": {
						"0.0": [-0.1, -0.17365, -0.98481],
						"1.5": [-0.1, -0.17365, -0.98481],
						"3.0": [-0.1, -0.17365, -0.98481]
					}
				},
				"h_left_wing": {
					"rotation": {
						"0.0": [95.45324, -73.50954, -169.34058],
						"0.5": [59.12537, -48.20277, -133.47607],
						"0.875": [-36.95095, -43.79597, -29.90308],
						"1.5": [95.45324, -73.50954, -169.34058],
						"2.3333": [94.66307, -80.47242, -168.87146],
						"3.0": [95.45324, -73.50954, -169.34058]
					}
				},
				"h_left_leg": {
					"rotation": {
						"0.0": [0, 0, 0],
						"0.5": [7.49923, 7.48586, -5.02121],
						"0.7917": [-10.54158, 5.63922, 3.38082],
						"1.5": [0, 0, 0],
						"3.0": [0, 0, 0]
					}
				},
				"h_right_wing": {
					"rotation": {
						"0.0": [116.00255, 79.1274, 196.09936],
						"0.5": [43.6983, 41.99821, 132.49943],
						"0.875": [-41.9978, 43.69869, 25.00059],
						"1.5": [116.00255, 79.1274, 196.09936],
						"2.3333": [63.83912, 84.61096, 144.12183],
						"3.0": [116.00255, 79.1274, 196.09936]
					}
				},
				"h_right_leg": {
					"rotation": {
						"0.0": [0, 0, 0],
						"0.5": [12.59344, -6.74201, 2.12191],
						"0.7917": [-12.11615, -5.55909, 1.74961],
						"1.5": [0, 0, 0],
						"3.0": [0, 0, 0]
					}
				}
			}
		},
		"animation.owl.scale": {
			"loop": true,
			"bones": {
				"h_body": {
					"position": [0, -2, 0],
					"scale": 0.7
				}
			}
		}
	},
	"geckolib_format_version": 2
}