{
	"format_version": "1.8.0",
	"animations": {
		"animation.queen.melee": {
			"loop": true,
			"animation_length": 0.875,
			"bones": {
				"bone12": {
					"rotation": {
						"0.0": [0, 0, 0],
						"0.2083": [0, 0, -22.5],
						"0.7083": [0, 0, 0]
					}
				},
				"bone19": {
					"rotation": {
						"0.0": [0, 0, 0],
						"0.25": [45.0887, 54.9292, 42.49771],
						"0.4167": [87.4697, 53.1218, 45.43922],
						"0.625": [39.8362, 27.7883, 51.02954],
						"0.75": [0, 0, 0]
					}
				},
				"bone20": {
					"rotation": {
						"0.0": [0, 0, 0],
						"0.25": [-45.08874, -54.92917, 42.49771],
						"0.4167": [-87.46972, -53.12185, 45.43922],
						"0.625": [-39.83616, -27.7883, 51.02954],
						"0.75": [0, 0, 0]
					}
				},
				"bone25": {
					"rotation": {
						"0.0": [0, 0, 0],
						"0.2083": [0, 0, 25],
						"0.7083": [0, 0, 0]
					}
				},
				"bone26": {
					"rotation": {
						"0.0": [0, 0, 0],
						"0.25": [-90, 32.5, 20],
						"0.4167": [-55, 32.5, 20],
						"0.75": [0, 0, 0]
					}
				},
				"bone28": {
					"rotation": {
						"0.0": [0, 0, 0],
						"0.25": [90, -32.5, 20],
						"0.4167": [55, -32.5, 20],
						"0.75": [0, 0, 0]
					}
				}
			}
		},
		"animation.queen.scale": {
			"loop": true,
			"bones": {
				"bone": {
					"position": [0, 15, 0],
					"scale": 1.5
				}
			}
		},
		"animation.queen.move": {
			"loop": true,
			"animation_length": 0.79167,
			"bones": {
				"bone11": {
					"rotation": {
						"0.0": [0, -22.5, 0],
						"0.2083": [-12.04745, 16.65625, -8.34989],
						"0.4583": [10.45255, 16.65625, -8.34989],
						"0.7917": [0, -22.5, 0]
					}
				},
				"bone9": {
					"rotation": {
						"0.0": [-0.97615, -22.2772, -17.08927],
						"0.2083": [-19.878, 14.3307, -6.5967],
						"0.4583": [17.622, 14.3307, -6.5967],
						"0.7917": [-0.97615, -22.2772, -17.08927]
					}
				},
				"bone10": {
					"rotation": {
						"0.0": [0, 22.5, 0],
						"0.2083": [12.5, 22.5, 0],
						"0.4583": [0, -22.5, 0],
						"0.7917": [0, 22.5, 0]
					}
				},
				"bone8": {
					"rotation": {
						"0.0": [0, -22.5, 0],
						"0.2083": [-12.04745, 16.65625, -8.34989],
						"0.4583": [10.45255, 16.65625, -8.34989],
						"0.7917": [0, -22.5, 0]
					}
				},
				"bone7": {
					"rotation": {
						"0.0": [0, 22.5, 0],
						"0.4583": [0, -22.5, 0],
						"0.625": [-12.5, -22.5, 0],
						"0.7917": [0, 22.5, 0]
					}
				},
				"bone6": {
					"rotation": {
						"0.0": [19.87802, -14.33072, -6.59671],
						"0.2083": [-17.622, -14.3307, -6.5967],
						"0.4583": [-0.97615, 22.2772, -17.08927],
						"0.75": [19.87802, -14.33072, -6.59671]
					}
				},
				"bone18": {
					"rotation": {
						"0.0": [30, 0, 0],
						"0.2083": [-10, 0, 0],
						"0.4583": [-30, 0, 0],
						"0.7917": [30, 0, 0]
					}
				},
				"bone13": {
					"rotation": {
						"0.2083": [32.5, 0, 0],
						"0.4583": [0, 0, 0],
						"0.6667": [0, 0, 0],
						"0.7917": [32.5, 0, 0]
					}
				},
				"bone14": {
					"rotation": {
						"0.0": [-40, 0, 0],
						"0.5833": [25, 0, 0],
						"0.7917": [-40, 0, 0]
					}
				},
				"bone15": {
					"rotation": {
						"0.0": [30, 0, 0],
						"0.2083": [-10, 0, 0],
						"0.4583": [-30, 0, 0],
						"0.7917": [30, 0, 0]
					}
				},
				"bone16": {
					"rotation": {
						"0.0": [0, 0, 0],
						"0.2083": [-32.5, 0, 0],
						"0.6667": [0, 0, 0]
					}
				},
				"bone17": {
					"rotation": {
						"0.0": [-40, 0, 0],
						"0.5833": [25, 0, 0],
						"0.7917": [-40, 0, 0]
					}
				},
				"bone21": {
					"rotation": {
						"0.0": [0, 0, 42.5],
						"0.4167": [0, 0, -42.5],
						"0.7917": [0, 0, 42.5]
					}
				},
				"bone22": {
					"rotation": {
						"0.0": [0, 0, -42.5],
						"0.4167": [0, 0, 42.5],
						"0.7917": [0, 0, -42.5]
					}
				}
			}
		},
		"animation.queen.range": {
			"loop": true,
			"animation_length": 0.75,
			"bones": {
				"bone12": {
					"rotation": {
						"0.0": [0, 0, 0],
						"0.25": [0, 0, 25],
						"0.375": [0, 0, -37.5],
						"0.5833": [0, 0, 0]
					}
				},
				"bone24": {
					"rotation": {
						"0.0": [0, 0, 0],
						"0.25": [-15.27488, -37.13984, 50.87013],
						"0.375": [6.74695, 15.40057, -25.36106],
						"0.5833": [0, 0, 0]
					}
				},
				"bone23": {
					"rotation": {
						"0.0": [0, 0, 0],
						"0.25": [-1.49441, 34.59568, 42.30166],
						"0.375": [-34.18703, 5.85039, -36.53342],
						"0.5833": [0, 0, 0]
					}
				},
				"bone25": {
					"rotation": {
						"0.0": [0, 0, 0],
						"0.375": [0, 0, 35],
						"0.5833": [0, 0, 0]
					}
				}
			}
		},
		"animation.queen.idle": {
			"animation_length": 4,
			"bones": {
				"bone26": {
					"rotation": {
						"0.0": [0, 0, 0],
						"1.0": [2.5, 0, 0],
						"2.0": [0, 0, 0],
						"3.0": [-2.5, 0, 0],
						"4.0": [0, 0, 0]
					}
				},
				"bone28": {
					"rotation": {
						"0.0": [0, 0, 0],
						"1.0": [-2.5, 0, 0],
						"2.0": [0, 0, 0],
						"3.0": [2.5, 0, 0],
						"4.0": [0, 0, 0]
					}
				}
			}
		}
	},
	"geckolib_format_version": 2
}