{
	"format_version": "1.8.0",
	"animations": {
		"animation.skunk.idle": {
			"loop": true,
			"animation_length": 3,
			"bones": {
				"left_front_leg": {
					"rotation": {
						"0.0": [0, 0, 0],
						"1.5": [-9.99067, 0.43399, 2.46207],
						"2.25": [-5.57733, 0.73221, 6.36123],
						"3.0": [0, 0, 0]
					},
					"position": {
						"0.0": [0, 0, 0],
						"0.7083": [0, 0.45956, 0.15329],
						"1.5": [0, 0.48862, 0.27157],
						"2.25": [0, 0.15003, 0.14232],
						"3.0": [0, 0, 0]
					}
				},
				"left_back_leg": {
					"rotation": {
						"0.0": [0, 0, 0],
						"1.5": [-0.06344, 0.9762, -7.43656],
						"3.0": [0, 0, 0]
					},
					"position": {
						"0.0": [0, 0, 0],
						"1.5": [-0.25, 0.24976, 0.0109],
						"3.0": [0, 0, 0]
					}
				},
				"h_head": {
					"rotation": {
						"0.0": [0, 0, 0],
						"1.5": [-2.5, 0, 0],
						"3.0": [0, 0, 0]
					},
					"position": {
						"0.0": [0, 0, 0],
						"3.0": [0, 0, 0]
					}
				},
				"tail": {
					"rotation": {
						"0.0": [0, 0, 0],
						"0.7083": [7.43656, 0.9762, -7.43656],
						"1.5": [0, 0, 0],
						"2.25": [-9.96271, 0.86717, 4.92442],
						"3.0": [0, 0, 0]
					},
					"position": {
						"0.0": [0, 0, 0],
						"3.0": [0, 0, 0]
					}
				},
				"body": {
					"rotation": {
						"0.0": [0, 0, 0],
						"0.7083": [3.81036, 0, 0],
						"1.5": [2.5, 0, 0],
						"2.25": [-1.3319, 0, 0],
						"3.0": [0, 0, 0]
					},
					"position": {
						"0.0": [0, 0, 0],
						"1.5": [0, -0.3, 0],
						"3.0": [0, 0, 0]
					}
				},
				"right_back_leg": {
					"rotation": {
						"0.0": [0, 0, 0],
						"1.5": [-2.5, 0, 2.5],
						"3.0": [0, 0, 0]
					},
					"position": {
						"0.0": [0, 0, 0],
						"1.5": [0, 0.24976, 0.0109],
						"3.0": [0, 0, 0]
					}
				},
				"right_front_leg": {
					"rotation": {
						"0.0": [0, 0, 0],
						"1.5": [4.95744, 0.65182, -2.47178],
						"2.25": [2.74605, 0.6082, -6.38472],
						"3.0": [0, 0, 0]
					},
					"position": {
						"0.0": [0, 0, 0],
						"0.7083": [0, 0.68934, 0.03994],
						"1.5": [0, 0.74929, 0.03271],
						"2.25": [0, 0.28003, 0.02232],
						"3.0": [0, 0, 0]
					}
				}
			}
		},
		"animation.skunk.move": {
			"loop": true,
			"animation_length": 1,
			"bones": {
				"left_front_leg": {
					"rotation": {
						"0.0": [-52.5, 0, 0],
						"0.3333": [2.44081, -0.54094, 12.48848],
						"0.7083": [40, 0, 0],
						"1.0": [-52.5, 0, 0]
					}
				},
				"left_back_leg": {
					"rotation": {
						"0.0": [42.25471, 5.52235, -5.08269],
						"0.4167": [-27.00481, 15.18327, 12.74468],
						"0.75": [54.8724, 5.52235, -5.08269],
						"1.0": [42.25471, 5.52235, -5.08269]
					},
					"position": {
						"0.0": [0, 0, 0],
						"0.4167": [-0.06171, -0.49599, -0.01344],
						"0.75": [0, 0, 0],
						"1.0": [0, 0, 0]
					}
				},
				"h_head": {
					"rotation": {
						"0.0": [-15, 0, 0],
						"0.125": [0.32245, -0.10263, 1.17649],
						"0.25": [-2.39239, -0.34724, 3.98042],
						"0.4167": [4.95744, -0.65182, 7.47178],
						"0.6667": [18.1498, -0.42948, 4.9231],
						"0.8333": [-5.10058, -0.20084, 2.30226],
						"1.0": [-15, 0, 0]
					}
				},
				"tail": {
					"rotation": {
						"0.0": [-20, 0, 0],
						"0.25": [21.2, 0, 0],
						"0.4167": [5.83333, 0, 0],
						"0.625": [-30, 0, 0],
						"1.0": [-20, 0, 0]
					}
				},
				"body": {
					"rotation": {
						"0.0": [14.44714, -1.25041, 4.84151],
						"0.3333": [4.9758, 0.65423, -7.47157],
						"0.7083": [-8.93766, 0, 0],
						"1.0": [14.44714, -1.25041, 4.84151]
					},
					"position": {
						"0.0": [0, 1, 0],
						"0.3333": [0, 0.5, 0],
						"0.5417": [0, 0.66, 0],
						"0.7083": [0, 1.85, 0],
						"1.0": [0, 1, 0]
					}
				},
				"right_back_leg": {
					"rotation": {
						"0.0": [62.25471, 5.52235, -5.08269],
						"0.4167": [-10.29348, 1.17671, -7.35214],
						"0.75": [54.8724, 5.52235, -5.08269],
						"1.0": [62.25471, 5.52235, -5.08269]
					}
				},
				"right_front_leg": {
					"rotation": {
						"0.0": [-78.83617, 9.38575, -8.25813],
						"0.3333": [-0.08239, 9.45663, -15.86049],
						"0.7083": [41.13269, -15.31156, -10.68628],
						"1.0": [-78.83617, 9.38575, -8.25813]
					}
				}
			}
		},
		"animation.skunk.attack": {
			"animation_length": 4,
			"bones": {
				"left_front_leg": {
					"rotation": {
						"0.0": [0, 0, 0],
						"0.1667": [-13.9042, -5.68422, -21.80633],
						"0.2917": [-13.9042, -5.68422, -21.80633],
						"0.5": [26.65459, 8.30522, -1.49912],
						"0.6667": [-63.53256, -5.12698, -8.19362],
						"0.9167": [-13.37364, -7.27632, -7.9204],
						"1.5": [-27.5, 0, -20],
						"1.7083": [-27.5, 0, -20],
						"1.8333": [-26.94093, -5.73576, -31.12501],
						"2.0417": [-27.33919, 2.71036, -14.7714],
						"2.25": [-26.94093, -5.73576, -31.12501],
						"2.4167": [-27.33919, 2.71036, -14.7714],
						"2.625": [-26.94093, -5.73576, -31.12501],
						"3.0": [-26.94093, -5.73576, -31.12501],
						"3.2083": [26.65459, 8.30522, -1.49912],
						"3.375": [-63.53256, -5.12698, -8.19362],
						"3.625": [-13.37364, -7.27632, -7.9204],
						"4.0": [0, 0, 0]
					},
					"position": {
						"0.0": [0, 0, 0],
						"0.1667": [-0.14697, 0.77439, 0.13681],
						"0.2917": [-0.14697, 0.77439, 0.13681],
						"0.9167": [-0.14697, 0.77439, 0.13681],
						"1.0833": [-0.14718, 0.47455, 0.12707],
						"1.25": [-0.02, 0.80937, 0.14155],
						"1.5": [0, 0, 0],
						"1.7083": [0, 0, 0],
						"3.0": [-0.14697, 0.77439, 0.13681],
						"3.625": [-0.14697, 0.77439, 0.13681],
						"3.7917": [-0.14718, 0.47455, 0.12707],
						"4.0": [0, 0, 0]
					}
				},
				"left_back_leg": {
					"rotation": {
						"0.0": [0, 0, 0],
						"0.1667": [0, 0, -25],
						"0.2917": [0, 0, -25],
						"0.5": [37.5, 0, -1.85821],
						"0.75": [54.12583, 7.99796, -12.58508],
						"1.0": [5.33462, 5.37694, 0.36507],
						"1.25": [0.28474, 2.53748, 16.00665],
						"1.5": [0, 0, -7.5],
						"1.8333": [0, 0, -7.5],
						"2.0417": [0, 0, 7.5],
						"2.25": [0, 0, -7.5],
						"2.4167": [0, 0, 7.5],
						"3.0": [0, 0, 7.5],
						"3.2083": [37.5, 0, -1.85821],
						"3.4583": [54.12583, 7.99796, -12.58508],
						"3.7083": [5.33462, 5.37694, 0.36507],
						"4.0": [0, 0, 0]
					},
					"position": {
						"0.0": [0, 0, 0],
						"1.5": [0, -0.39392, -0.06946],
						"1.8333": [0, -0.39392, -0.06946],
						"2.0417": [-0.02615, -0.68432, -0.1219],
						"2.25": [0, -0.39392, -0.06946],
						"2.4167": [-0.02615, -0.68432, -0.1219],
						"3.0": [-0.02615, -0.68432, -0.1219],
						"4.0": [0, 0, 0]
					}
				},
				"h_head": {
					"rotation": {
						"0.0": [0, 0, 0],
						"0.1667": [-10, 0, 0],
						"0.2917": [-10, 0, 0],
						"0.5": [21.25671, 0, 0],
						"0.75": [-8.16778, -1.80403, -12.37118],
						"0.9167": [10.49183, -4.45925, 3.70192],
						"1.25": [-7.20781, -1.97244, 2.36527],
						"1.5": [0, 0, 0],
						"3.0": [0, 0, 0],
						"3.2083": [21.25671, 0, 0],
						"3.4583": [-8.16778, -1.80403, -12.37118],
						"3.625": [10.49183, -4.45925, 3.70192],
						"4.0": [0, 0, 0]
					},
					"position": {
						"0.0": [0, 0, 0],
						"1.5": [0, 0, 0],
						"3.0": [0, 0, 0],
						"4.0": [0, 0, 0]
					}
				},
				"tail": {
					"rotation": {
						"0.0": [0, 0, 0],
						"0.2917": [29.62165, 4.98093, -8.6822],
						"0.4583": [-27.63076, -15.3112, 1.95527],
						"0.7917": [31.20468, -14.65453, 0.86671],
						"1.0": [-17.32819, -10.92265, 0.56908],
						"1.25": [10.8026, -5.22808, 0.26594],
						"1.5": [70, 0, 0],
						"1.75": [75, 0, 0],
						"1.875": [65.08357, -2.11089, -4.53359],
						"2.0833": [72.58357, 2.11089, 4.53359],
						"2.2917": [71.90454, -9.96296, -7.51724],
						"2.4583": [80.80758, -7.56213, -0.3273],
						"2.6667": [47.8135, -2.54553, 5.27159],
						"3.0": [47.8135, -2.54553, 5.27159],
						"3.1667": [-27.63076, -15.3112, 1.95527],
						"3.5": [31.20468, -14.65453, 0.86671],
						"3.7083": [-17.32819, -10.92265, 0.56908],
						"4.0": [0, 0, 0]
					},
					"position": {
						"0.0": [0, 0, 0],