{
	"format_version": "1.8.0",
	"animations": {
		"animation.zergling.move": {
			"loop": true,
			"animation_length": 0.83333,
			"bones": {
				"1": {
					"rotation": {
						"0.0": [0, 0, 37.5],
						"0.2083": [0, 0, -57.5],
						"0.4167": [0, 0, 37.5],
						"0.625": [0, 0, -57.5],
						"0.7917": [0, 0, 37.5]
					}
				},
				"2": {
					"rotation": {
						"0.0": [0, 0, -37.5],
						"0.2083": [0, 0, 57.5],
						"0.4167": [0, 0, -37.5],
						"0.625": [0, 0, 57.5],
						"0.7917": [1.68559, 0.69536, -30.83932]
					}
				},
				"3": {
					"rotation": {
						"0.0": [0, 0, -37.5],
						"0.2083": [0, 0, 57.5],
						"0.4167": [0, 0, -37.5],
						"0.625": [0, 0, 57.5],
						"0.7917": [1.68559, 0.69536, -30.83932]
					}
				},
				"4": {
					"rotation": {
						"0.0": [0, 0, 37.5],
						"0.2083": [0, 0, -57.5],
						"0.4167": [0, 0, 37.5],
						"0.625": [0, 0, -57.5],
						"0.7917": [0, 0, 37.5]
					}
				}
			}
		},
		"animation.zergling.attack": {
			"loop": true,
			"animation_length": 0.70833,
			"bones": {
				"1": {
					"rotation": {
						"0.0": [0, 0, 0],
						"0.25": [0, 0, 80],
						"0.4583": [0, 0, 0]
					}
				},
				"2": {
					"rotation": {
						"0.0": [0, 0, 0],
						"0.25": [0, 0, 80],
						"0.4583": [0, 0, 0]
					}
				},
				"81": {
					"rotation": {
						"0.0": [0, 0, 0],
						"0.1667": [0, 0, -42.5],
						"0.3333": [0, 0, -70],
						"0.4583": [0, 0, 0]
					}
				},
				"82": {
					"rotation": {
						"0.0": [0, 0, 0],
						"0.1667": [0, 0, -42.5],
						"0.3333": [0, 0, -70],
						"0.4583": [0, 0, 0]
					}
				},
				"bone5": {
					"rotation": {
						"0.0": [0, 0, 0],
						"0.1667": [0, 0, 55],
						"0.3333": [0, 0, 22.5],
						"0.4583": [0, 0, 0]
					}
				},
				"bone7": {
					"rotation": {
						"0.0": [0, 0, 0],
						"0.1667": [0, 0, 55],
						"0.3333": [0, 0, 22.5],
						"0.4583": [0, 0, 0]
					}
				}
			}
		},
		"animation.zergling.idle": {
			"animation_length": 4,
			"bones": {
				"82": {
					"rotation": {
						"0.0": [0, 0, 0],
						"1.0": [0, 0, -5],
						"2.0": [0, 0, 0],
						"3.0": [0, 0, 5]
					}
				},
				"bone5": {
					"rotation": {
						"0.0": [0, 0, 0],
						"1.0": [0, 0, -5],
						"2.0": [0, 0, 0],
						"3.0": [0, 0, 5],
						"4.0": [0, 0, 0]
					}
				}
			}
		}
	},
	"geckolib_format_version": 2
}