{
	"format_version": "1.8.0",
	"animations": {
		"animation.surtr.idle": {
			"animation_length": 4,
			"bones": {
				"jr": {
					"scale": 0.01
				},
				"rightArm": {
					"position": {
						"0.0": [0, 0, 0],
						"1.0": [0, 0.1, 0],
						"2.0": [0, 0, 0],
						"3.0": [0, -0.1, 0],
						"4.0": [0, 0, 0]
					}
				},
				"leftArm": {
					"position": {
						"0.0": [0, 0, 0],
						"1.0": [0, 0.1, 0],
						"2.0": [0, 0, 0],
						"3.0": [0, -0.1, 0],
						"4.0": [0, 0, 0]
					}
				},
				"knife2": {
					"scale": 0.75
				}
			}
		},
		"animation.surtr.attack": {
			"animation_length": 1.24,
			"bones": {
				"jr": {
					"scale": 0.01
				},
				"leftArm": {
					"rotation": {
						"0.0": [0, 0, 0],
						"0.32": [-113.53843, 40.07465, -41.66916],
						"0.4": [-113.53843, 40.07465, -41.66916],
						"0.64": [36.79718, 11.92863, -29.89306],
						"0.72": [36.79718, 11.92863, -29.89306],
						"1.24": [0, 0, 0]
					}
				},
				"knife2": {
					"scale": 0.75
				}
			}
		},
		"animation.surtr.skill2": {
			"animation_length": 0.88,
			"bones": {
				"jr": {
					"scale": 0.01
				},
				"rightArm": {
					"rotation": {
						"0.0": [0, 0, 0],
						"0.24": [-32.73241, -24.4045, -32.73241],
						"0.32": [-36.15181, -23.03568, -30.44729],
						"0.44": [-36.15181, -23.03568, -30.44729],
						"0.88": [0, 0, 0]
					}
				},
				"leftArm": {
					"rotation": {
						"0.0": [25, 0, 0],
						"0.32": [-40.28356, 9.39129, -3.45118],
						"0.44": [-40.28356, 9.39129, -3.45118],
						"0.88": [25, 0, 0]
					}
				},
				"knife2": {
					"rotation": {
						"0.0": [-20, 0, 0],
						"0.32": [40, 0, 0],
						"0.44": [40, 0, 0],
						"0.88": [-20, 0, 0]
					},
					"scale": {
						"0.0": [0.75, 0.75, 0.75],
						"0.32": [0.75, 0.75, 0.75],
						"0.44": [0.75, 0.75, 0.75],
						"0.88": [0.75, 0.75, 0.75]
					}
				}
			}
		},
		"animation.surtr.skill3": {
			"animation_length": 0.76,
			"bones": {
				"bone9": {
					"rotation": {
						"0.0": [0, 0, 0],
						"0.24": [-45, 0, 0],
						"0.52": [42.5, 0, 0],
						"0.76": [0, 0, 0]
					},
					"position": {
						"0.0": [0, 0, 0],
						"0.24": [0, 5, 4],
						"0.52": [0, -5, -7],
						"0.76": [0, 0, 0]
					}
				},
				"rightArm": {
					"rotation": [62.5, -57.5, -15]
				},
				"leftArm": {
					"rotation": [5, -7.5, -7.5]
				},
				"head": {
					"rotation": [-15, -27.5, 0]
				},
				"knife2": {
					"scale": 0.01
				}
			}
		},
		"animation.surtr.move": {
			"loop": true,
			"animation_length": 1,
			"bones": {
				"jr": {
					"scale": 0.01
				},
				"rightLeg": {
					"rotation": {
						"0.0": [0, 0, 0],
						"0.24": [15, 0, 0],
						"0.52": [0, 0, 0],
						"0.76": [-15, 0, 0],
						"1.0": [0, 0, 0]
					}
				},
				"leftLeg": {
					"rotation": {
						"0.0": [0, 0, 0],
						"0.24": [-15, 0, 0],
						"0.52": [0, 0, 0],
						"0.76": [15, 0, 0],
						"1.0": [0, 0, 0]
					}
				},
				"rightArm": {
					"rotation": {
						"0.0": [0, 0, 0],
						"0.24": [-10, 0, 0],
						"0.52": [0, 0, 0],
						"0.76": [10, 0, 0],
						"1.0": [0, 0, 0]
					}
				},
				"leftArm": {
					"rotation": {
						"0.0": [0, 0, 0],
						"0.24": [10, 0, 0],
						"0.52": [0, 0, 0],
						"0.76": [-10, 0, 0],
						"1.0": [0, 0, 0]
					}
				},
				"knife2": {
					"scale": 0.75
				}
			}
		}
	}
}